ID,score_tag,agreement,subjectivity,confidence,irony,happy,angry,bored,fear,sad,Class
1,P,DISAGREEMENT,SUBJECTIVE,86,NONIRONIC,0.220926713,0.200280017,0.050860928,0.127192179,0.137100732,1
2,P,DISAGREEMENT,SUBJECTIVE,76,IRONIC,0.089605743,0.186209282,0.076196199,0.269985999,0.275841404,0
3,P,DISAGREEMENT,SUBJECTIVE,86,NONIRONIC,0.056083918,0.337662481,0.123160872,0.188343289,0.228421734,1
4,N,DISAGREEMENT,OBJECTIVE,84,NONIRONIC,0.044480133,0.249139457,0.08433114,0.223564722,0.327372132,1
5,N,AGREEMENT,OBJECTIVE,100,NONIRONIC,0.045455429,0.295509559,0.035178709,0.237420396,0.306869279,1
6,NEU,DISAGREEMENT,SUBJECTIVE,76,IRONIC,0.172215675,0.234989871,0.065389575,0.156412464,0.099669822,0
7,P,DISAGREEMENT,SUBJECTIVE,86,NONIRONIC,0.10421782,0.101705184,0.112729979,0.401048651,0.136634849,1
8,P,DISAGREEMENT,SUBJECTIVE,84,NONIRONIC,0.309461283,0.115672523,0.033147805,0.095182916,0.05691702,0
9,P,DISAGREEMENT,SUBJECTIVE,76,IRONIC,0.209470841,0.133818498,0.064274173,0.211267222,0.142638726,0
10,NEU,DISAGREEMENT,SUBJECTIVE,86,NONIRONIC,0.171111338,0.191954514,0.063464889,0.18688816,0.140058474,0
11,NEU,DISAGREEMENT,SUBJECTIVE,86,NONIRONIC,0.155347985,0.225763592,0.053375155,0.15736668,0.08775013,0
12,N,DISAGREEMENT,SUBJECTIVE,86,NONIRONIC,0.130059976,0.199083775,0.111385188,0.242816998,0.189353481,0
13,N,DISAGREEMENT,SUBJECTIVE,86,NONIRONIC,0.080656315,0.260295773,0.097083484,0.204485985,0.184203872,1
14,N,DISAGREEMENT,OBJECTIVE,94,NONIRONIC,0.09400314,0.304144715,0.065423102,0.189300456,0.137466752,1
15,P,DISAGREEMENT,SUBJECTIVE,86,NONIRONIC,0.131890049,0.17809056,0.138457186,0.188688349,0.183690311,0
16,NEU,DISAGREEMENT,SUBJECTIVE,86,NONIRONIC,0.192751958,0.231795029,0.048587285,0.169728848,0.162005483,0
17,NEU,DISAGREEMENT,SUBJECTIVE,86,NONIRONIC,0.1835804,0.168309133,0.094217761,0.14262738,0.20686374,1
18,N,DISAGREEMENT,SUBJECTIVE,83,NONIRONIC,0.079988341,0.352512509,0.023401708,0.187973408,0.082403401,1
19,P,DISAGREEMENT,SUBJECTIVE,86,NONIRONIC,0.116430204,0.33974117,0.051560081,0.163611399,0.114317127,0
20,P,DISAGREEMENT,SUBJECTIVE,86,NONIRONIC,0.071770276,0.396142581,0.045799453,0.18282175,0.199315417,1
21,P,DISAGREEMENT,SUBJECTIVE,92,NONIRONIC,0.180818939,0.144107474,0.053199154,0.250946433,0.146915605,0
22,N,DISAGREEMENT,SUBJECTIVE,86,NONIRONIC,0.214786883,0.26029294,0.041400008,0.14622312,0.136715145,0
23,N,DISAGREEMENT,SUBJECTIVE,84,NONIRONIC,0.049790387,0.395340424,0.11052447,0.183459495,0.155621249,1
24,N,DISAGREEMENT,SUBJECTIVE,86,NONIRONIC,0.056603815,0.279021664,0.015708321,0.315870873,0.214320503,0
25,NEU,DISAGREEMENT,SUBJECTIVE,86,NONIRONIC,0.141958234,0.248130519,0.048989502,0.20186258,0.089724131,1
26,N,DISAGREEMENT,SUBJECTIVE,74,IRONIC,0.171215905,0.294122568,0.048576113,0.14557335,0.103423003,0
27,N,DISAGREEMENT,SUBJECTIVE,86,NONIRONIC,0.059960393,0.319318294,0.110398116,0.209244555,0.164174288,1
28,N,DISAGREEMENT,SUBJECTIVE,86,NONIRONIC,0.146625135,0.275486506,0.065934654,0.155205766,0.159280828,0
29,N,DISAGREEMENT,SUBJECTIVE,76,IRONIC,0.1257944,0.2757002,0.064621675,0.170875407,0.133082867,0
30,P,DISAGREEMENT,SUBJECTIVE,84,NONIRONIC,0.287419387,0.174070153,0.028707055,0.185902581,0.118409656,1
31,NEU,DISAGREEMENT,SUBJECTIVE,86,NONIRONIC,0.139356997,0.172010706,0.21626073,0.221772431,0.152170587,0
32,P,DISAGREEMENT,SUBJECTIVE,76,IRONIC,0.174734905,0.222107727,0.044269413,0.169546909,0.14347008,0
33,NEU,DISAGREEMENT,SUBJECTIVE,73,IRONIC,0.088937244,0.246644983,0.06875442,0.197598311,0.261222008,0
34,N,DISAGREEMENT,SUBJECTIVE,76,IRONIC,0.096620435,0.357580882,0.109151371,0.154517863,0.127648469,0
35,NEU,DISAGREEMENT,SUBJECTIVE,73,IRONIC,0.032019372,0.364055803,0.096586868,0.181100798,0.248609987,1
36,NEU,DISAGREEMENT,SUBJECTIVE,74,IRONIC,0.129781466,0.154064997,0.112489245,0.26127405,0.127817217,1
37,N,DISAGREEMENT,SUBJECTIVE,86,NONIRONIC,0.094383549,0.425771474,0.067818718,0.118713184,0.12898963,0
38,N,DISAGREEMENT,SUBJECTIVE,84,NONIRONIC,0.079554766,0.233273275,0.02277008,0.361385996,0.207288145,0
39,P,DISAGREEMENT,SUBJECTIVE,76,IRONIC,0.191558323,0.136881897,0.027205043,0.233563801,0.260278305,0
40,P,DISAGREEMENT,SUBJECTIVE,86,NONIRONIC,0.16203773,0.13675086,0.057415782,0.274108107,0.160168485,1
41,NEU,DISAGREEMENT,SUBJECTIVE,86,NONIRONIC,0.06801734,0.345117695,0.048627167,0.184139862,0.249418224,0
42,N,DISAGREEMENT,SUBJECTIVE,86,NONIRONIC,0.140442259,0.413525264,0.050115165,0.125296744,0.147089423,1
43,P,DISAGREEMENT,SUBJECTIVE,91,NONIRONIC,0.127028648,0.105154236,0.094260113,0.288000357,0.15119913,0
44,P,DISAGREEMENT,SUBJECTIVE,83,NONIRONIC,0.045386017,0.467763634,0.071437396,0.153021992,0.177552141,0
45,P,DISAGREEMENT,SUBJECTIVE,91,NONIRONIC,0.388186724,0.060220054,0.041473408,0.094568664,0.094495977,1
46,N,DISAGREEMENT,SUBJECTIVE,86,NONIRONIC,0.041222076,0.355167855,0.058353625,0.171823633,0.302415238,0
47,P,DISAGREEMENT,SUBJECTIVE,86,NONIRONIC,0.207147104,0.144447029,0.072002119,0.170229748,0.080080368,1
48,N,DISAGREEMENT,SUBJECTIVE,91,NONIRONIC,0.306161459,0.11277117,0.058296765,0.171460958,0.130021782,1
49,N,DISAGREEMENT,SUBJECTIVE,86,NONIRONIC,0.096640195,0.480635175,0.047491211,0.12610305,0.095127288,0
50,NEU,DISAGREEMENT,SUBJECTIVE,76,IRONIC,0.218880341,0.105618631,0,0.209115563,0.08059983,0
51,P,DISAGREEMENT,SUBJECTIVE,76,IRONIC,0.149087246,0.20126284,0.054359148,0.214225101,0.194718529,0
52,NEU,DISAGREEMENT,SUBJECTIVE,76,IRONIC,0.043237141,0.434266536,0.118759082,0.128052272,0.221562385,0
53,P,DISAGREEMENT,SUBJECTIVE,76,IRONIC,0.203213101,0.16967877,0.106103711,0.199716196,0.122060357,1
54,NEU,DISAGREEMENT,SUBJECTIVE,86,NONIRONIC,0.083375509,0.255785589,0.05422493,0.256505696,0.198124835,0
55,NEU,DISAGREEMENT,SUBJECTIVE,76,IRONIC,0.162612327,0.124957144,0.060108179,0.275412054,0.166180608,0
56,NEU,DISAGREEMENT,SUBJECTIVE,74,IRONIC,0.201351045,0.188373305,0.029892232,0.160404272,0.177908544,1
57,NEU,DISAGREEMENT,SUBJECTIVE,73,IRONIC,0.0932092,0.18039476,0.018282191,0.313425846,0.27157064,0
58,P,DISAGREEMENT,SUBJECTIVE,86,NONIRONIC,0.180758838,0.184487134,0.059531946,0.181325649,0.08807589,1
59,N,DISAGREEMENT,OBJECTIVE,92,NONIRONIC,0.123064298,0.102431565,0.052740747,0.359457364,0.211989769,1
60,N,AGREEMENT,OBJECTIVE,100,NONIRONIC,0.140238367,0.226663096,0.0230258,0.103750893,0.069654197,1
61,N,DISAGREEMENT,SUBJECTIVE,91,NONIRONIC,0.035543287,0.407713667,0.047986544,0.195560854,0.25648481,1
62,NEU,DISAGREEMENT,SUBJECTIVE,86,NONIRONIC,0.068168962,0.15648434,0.075470923,0.340199613,0.232201793,0
63,NEU,DISAGREEMENT,SUBJECTIVE,86,NONIRONIC,0.168853761,0.145845308,0.07905042,0.213880781,0.181175604,0
64,P,DISAGREEMENT,SUBJECTIVE,86,NONIRONIC,0.279014661,0.130823687,0.062833031,0.230325972,0.059661364,0
65,N,AGREEMENT,OBJECTIVE,100,NONIRONIC,0.044318679,0.262868618,0.065234119,0.305359407,0.202874529,0
66,P,DISAGREEMENT,OBJECTIVE,94,NONIRONIC,0.372759986,0.133553475,0.011971146,0.108459702,0.035291787,0
67,P,DISAGREEMENT,SUBJECTIVE,81,NONIRONIC,0.16329061,0.290822375,0.054926109,0.123430308,0.138338262,0
68,P,DISAGREEMENT,OBJECTIVE,86,NONIRONIC,0.163343762,0.306104699,0.07616359,0.148537206,0.112335225,1
69,N,DISAGREEMENT,SUBJECTIVE,86,NONIRONIC,0.128314962,0.230521745,0.058916482,0.202963525,0.216852165,0
70,P,DISAGREEMENT,SUBJECTIVE,86,NONIRONIC,0.081462466,0.236123595,0.118439853,0.217242094,0.249264595,0
71,P,DISAGREEMENT,SUBJECTIVE,86,NONIRONIC,0.150603817,0.262409693,0.058281785,0.198076813,0.133515755,0
72,NEU,DISAGREEMENT,SUBJECTIVE,84,IRONIC,0.281461054,0.158370236,0.036640016,0.138856306,0.073054792,0
73,P,DISAGREEMENT,SUBJECTIVE,74,IRONIC,0.086584655,0.118367958,0.012109378,0.403774594,0.140632522,0
74,NEU,DISAGREEMENT,SUBJECTIVE,86,NONIRONIC,0.099591417,0.29703726,0.090632229,0.11936954,0.272802653,1
75,P,DISAGREEMENT,SUBJECTIVE,86,NONIRONIC,0.1332465,0.162748821,0.131996462,0.252013376,0.141381515,0
76,P,DISAGREEMENT,SUBJECTIVE,92,NONIRONIC,0.047620407,0.242181279,0.083188475,0.276589827,0.240128968,1
77,P,DISAGREEMENT,SUBJECTIVE,83,NONIRONIC,0.122527894,0.260044407,0.04595819,0.191276551,0.165454871,0
78,P,DISAGREEMENT,SUBJECTIVE,91,NONIRONIC,0.086228368,0.26823506,0.11052742,0.217981086,0.190951891,0
79,NEU,DISAGREEMENT,SUBJECTIVE,91,NONIRONIC,0.077398518,0.364327437,0.068464698,0.180635188,0.20970384,1
80,NEU,DISAGREEMENT,SUBJECTIVE,86,NONIRONIC,0.248643526,0.197120745,0.024122058,0.135762494,0.04698726,1
81,N,DISAGREEMENT,SUBJECTIVE,86,NONIRONIC,0.128858519,0.200570515,0.109012149,0.21860043,0.190197023,0
82,P,DISAGREEMENT,SUBJECTIVE,76,IRONIC,0.260386518,0.165203886,0.050413674,0.0854314,0.046343211,0
83,NONE,AGREEMENT,OBJECTIVE,100,NONIRONIC,0.18600386,0.162291589,0,0.322862947,0.152462332,1
84,P,DISAGREEMENT,SUBJECTIVE,86,NONIRONIC,0.26976797,0.036272528,0.006441607,0.040737026,0.026422832,0
85,NEU,DISAGREEMENT,SUBJECTIVE,76,IRONIC,0.056664653,0.169477075,0.267983088,0.198318903,0.177691018,0
86,N,DISAGREEMENT,SUBJECTIVE,83,NONIRONIC,0.073325707,0.311921502,0.05151285,0.221913166,0.203469782,1
87,NEU,DISAGREEMENT,OBJECTIVE,86,NONIRONIC,0.155028671,0.263716646,0.03636678,0.160830345,0.164595707,1
88,P,DISAGREEMENT,SUBJECTIVE,86,NONIRONIC,0.32051692,0.067178097,0.071117359,0.158181169,0.071201503,0
89,P,DISAGREEMENT,SUBJECTIVE,76,IRONIC,0.149557134,0.211804584,0.140643154,0.173338591,0.145421091,0
90,NEU,DISAGREEMENT,SUBJECTIVE,86,NONIRONIC,0.153141214,0.254343226,0.073852386,0.167631993,0.098232652,0
91,NEU,DISAGREEMENT,SUBJECTIVE,76,IRONIC,0.516255953,0.067895686,0.018148556,0.085794533,0.064654988,0
92,NEU,DISAGREEMENT,SUBJECTIVE,86,NONIRONIC,0.274314836,0.143051046,0.026149557,0.074838733,0.02651614,1
93,P,DISAGREEMENT,OBJECTIVE,91,NONIRONIC,0.106644994,0.258965548,0.074623279,0.211698209,0.098721978,1
94,P,DISAGREEMENT,SUBJECTIVE,76,IRONIC,0.33673395,0.053500737,0,0.185754486,0.065939664,0
95,P,DISAGREEMENT,SUBJECTIVE,86,NONIRONIC,0.182454233,0.138663304,0.034708858,0.201646179,0.106848071,0
96,NEU,DISAGREEMENT,SUBJECTIVE,86,NONIRONIC,0.081298933,0.19934589,0.137700287,0.226418565,0.209283859,0
97,N,DISAGREEMENT,SUBJECTIVE,86,NONIRONIC,0.063899787,0.26450003,0.121861602,0.182765423,0.229846097,0
98,N,DISAGREEMENT,SUBJECTIVE,86,NONIRONIC,0.130994838,0.154480948,0.073668231,0.206720938,0.30370202,0
99,P,DISAGREEMENT,SUBJECTIVE,92,NONIRONIC,0.134411429,0.106060792,0.367273279,0.181760191,0.154248374,1
100,P,DISAGREEMENT,SUBJECTIVE,74,IRONIC,0.089159185,0.106943656,0.044715237,0.129374413,0.518143019,0
101,N,AGREEMENT,OBJECTIVE,100,NONIRONIC,0.059904929,0.299785031,0.083592719,0.159873731,0.316444963,0
102,P,DISAGREEMENT,SUBJECTIVE,83,NONIRONIC,0.061511132,0.452871239,0.034334292,0.121942061,0.159379686,1
103,N,DISAGREEMENT,SUBJECTIVE,86,NONIRONIC,0.022018272,0.62715459,0.038691105,0.115226661,0.148287155,1
104,P,DISAGREEMENT,SUBJECTIVE,76,IRONIC,0.091302292,0.221244857,0.141457935,0.291718732,0.129990593,0
105,NEU,DISAGREEMENT,SUBJECTIVE,84,NONIRONIC,0.127050026,0.132762161,0.045260423,0.287341836,0.235606706,0
106,N,DISAGREEMENT,SUBJECTIVE,86,NONIRONIC,0.056291659,0.457477471,0.091281738,0.13546642,0.171800387,1
107,NEU,DISAGREEMENT,SUBJECTIVE,86,NONIRONIC,0.156693775,0.248765829,0.04403125,0.200791961,0.206544249,0
108,P,DISAGREEMENT,SUBJECTIVE,86,NONIRONIC,0.197030427,0.17096036,0.106470328,0.186232694,0.144721805,0
109,N,DISAGREEMENT,SUBJECTIVE,76,IRONIC,0.121583082,0.224488613,0.172976929,0.215526598,0.15779348,0
110,N,DISAGREEMENT,SUBJECTIVE,86,NONIRONIC,0.051885462,0.301976222,0.062503903,0.19960256,0.306383727,0
111,N,DISAGREEMENT,SUBJECTIVE,86,NONIRONIC,0.180807485,0.154953098,0.040828964,0.168926868,0.164180707,1
112,NEU,DISAGREEMENT,SUBJECTIVE,83,NONIRONIC,0.209569205,0.146368275,0.084057622,0.192814011,0.163377103,0
113,P,DISAGREEMENT,SUBJECTIVE,86,NONIRONIC,0.111800961,0.271963785,0.135749694,0.157992576,0.158714602,0
114,N,DISAGREEMENT,SUBJECTIVE,86,NONIRONIC,0.29175578,0.212433664,0.022616117,0.077586771,0.085147143,1
115,NEU,DISAGREEMENT,SUBJECTIVE,83,NONIRONIC,0.152734408,0.268491733,0.035788098,0.124111355,0.160606959,0
116,NEU,DISAGREEMENT,SUBJECTIVE,74,IRONIC,0.077770711,0.125265745,0,0.138608535,0.515006043,1
117,P,DISAGREEMENT,SUBJECTIVE,86,NONIRONIC,0.108645373,0.337750043,0.104875126,0.158660166,0.150676952,0
118,P,DISAGREEMENT,SUBJECTIVE,86,NONIRONIC,0.112312693,0.248686909,0.083744841,0.185110249,0.20047848,0
119,P,DISAGREEMENT,SUBJECTIVE,86,NONIRONIC,0.187332577,0.206719974,0.076723616,0.106826654,0.054707854,1
120,P,DISAGREEMENT,SUBJECTIVE,86,NONIRONIC,0.207799169,0.196444752,0.038033962,0.15136277,0.091768273,0
121,P,DISAGREEMENT,SUBJECTIVE,76,IRONIC,0.09489274,0.20182058,0.161856615,0.203071126,0.168920376,0
122,NEU,DISAGREEMENT,SUBJECTIVE,86,NONIRONIC,0.244038817,0.166397971,0.082290943,0.149085107,0.124488032,0
123,N,DISAGREEMENT,SUBJECTIVE,94,NONIRONIC,0.060390878,0.165317785,0.121841043,0.219620733,0.356836025,0
124,P,DISAGREEMENT,SUBJECTIVE,76,IRONIC,0.088997037,0.288096209,0.021842815,0.275138864,0.243449951,1
125,NEU,DISAGREEMENT,SUBJECTIVE,91,NONIRONIC,0.194754774,0.139231923,0.059282129,0.198566608,0.123812643,1
126,P,DISAGREEMENT,SUBJECTIVE,81,NONIRONIC,0.216436632,0.081768417,0.01073412,0.080781706,0.020769413,1
127,P,DISAGREEMENT,SUBJECTIVE,86,NONIRONIC,0.032541856,0.257835922,0.052664097,0.295498948,0.269104446,0
128,P,DISAGREEMENT,SUBJECTIVE,73,IRONIC,0.224735159,0.23925727,0.038450878,0.107776373,0.085337603,0
129,N,DISAGREEMENT,SUBJECTIVE,86,NONIRONIC,0.109221763,0.340399117,0.063122755,0.164580071,0.194837516,1
130,N,DISAGREEMENT,SUBJECTIVE,86,NONIRONIC,0.107534891,0.301626764,0.038623832,0.171558954,0.266558631,0
131,P,DISAGREEMENT,SUBJECTIVE,86,NONIRONIC,0.092189923,0.273316398,0.127067453,0.199839677,0.200672857,1
132,P,DISAGREEMENT,SUBJECTIVE,83,NONIRONIC,0.168007565,0.235472039,0.055689566,0.180475029,0.159986984,0
133,N,DISAGREEMENT,SUBJECTIVE,92,NONIRONIC,0.100935738,0.337844344,0.077463167,0.151106811,0.175095412,0
134,P,DISAGREEMENT,SUBJECTIVE,76,IRONIC,0.071437853,0.175189473,0.125702725,0.378870928,0.044020796,0
135,P,DISAGREEMENT,SUBJECTIVE,76,IRONIC,0.057077467,0.32322567,0.046818666,0.165060376,0.337182377,0
136,P,DISAGREEMENT,SUBJECTIVE,83,NONIRONIC,0.186103902,0.18429522,0.040671626,0.187716185,0.088200692,0
137,NEU,DISAGREEMENT,SUBJECTIVE,86,NONIRONIC,0.043759428,0.513915617,0.037870342,0.149202352,0.122414193,0
138,NEU,DISAGREEMENT,SUBJECTIVE,86,NONIRONIC,0.181518563,0.161416678,0.072934135,0.178275321,0.13438447,0
139,P,DISAGREEMENT,SUBJECTIVE,86,NONIRONIC,0.216905812,0.239776001,0.041460165,0.129593143,0.081079026,0
140,NEU,DISAGREEMENT,SUBJECTIVE,84,NONIRONIC,0.09692533,0.344321675,0.07378928,0.156894226,0.192375429,1
141,NEU,DISAGREEMENT,SUBJECTIVE,86,NONIRONIC,0.148293154,0.236763576,0.066609602,0.171805884,0.145789688,0
142,NEU,DISAGREEMENT,SUBJECTIVE,83,NONIRONIC,0.195765982,0.129688203,0.169705542,0.167840541,0.129203305,1
143,NEU,DISAGREEMENT,SUBJECTIVE,86,NONIRONIC,0.18104484,0.287304499,0,0.142576021,0.122424537,1
144,NEU,DISAGREEMENT,SUBJECTIVE,86,NONIRONIC,0.274822892,0.132617328,0.066241201,0.120658334,0.076750918,1
145,NEU,DISAGREEMENT,SUBJECTIVE,84,NONIRONIC,0.131618794,0.232536724,0.168512751,0.166168932,0.154768937,1
146,N,DISAGREEMENT,SUBJECTIVE,86,NONIRONIC,0.034297494,0.533909088,0.03096828,0.126256501,0.235488654,0
147,P,DISAGREEMENT,SUBJECTIVE,86,NONIRONIC,0.231821073,0.142595963,0.055225798,0.145642916,0.086152367,0
148,P,DISAGREEMENT,SUBJECTIVE,82,IRONIC,0.280620081,0.184434288,0.050623242,0.177250239,0.096605679,1
149,N,DISAGREEMENT,SUBJECTIVE,86,NONIRONIC,0.057560567,0.28598856,0.057938745,0.240245008,0.271948323,0
150,P,DISAGREEMENT,SUBJECTIVE,86,NONIRONIC,0.039623724,0.352653547,0.032900297,0.09818332,0.168160803,1
151,P,DISAGREEMENT,SUBJECTIVE,86,NONIRONIC,0.159175134,0.156308586,0.063635492,0.228452656,0.139846513,1
152,NONE,AGREEMENT,OBJECTIVE,100,NONIRONIC,0.362771185,0.04343593,0.013526945,0.109953175,0.030799189,1
153,P,DISAGREEMENT,SUBJECTIVE,92,NONIRONIC,0.103656828,0.235781247,0.047500486,0.216961432,0.165521275,0
154,N,DISAGREEMENT,SUBJECTIVE,84,NONIRONIC,0.130873383,0.295281774,0.068660443,0.13602576,0.084986985,1
155,N,DISAGREEMENT,OBJECTIVE,94,NONIRONIC,0.185739117,0.170196027,0.027993162,0.155743746,0.296760731,1
156,P,DISAGREEMENT,SUBJECTIVE,86,NONIRONIC,0.218523312,0.063615382,0.026121801,0.219726336,0.224959475,0
157,NEU,DISAGREEMENT,SUBJECTIVE,86,NONIRONIC,0.08083779,0.32167069,0.086393693,0.163167547,0.171094267,1
158,N,DISAGREEMENT,SUBJECTIVE,84,NONIRONIC,0.070172078,0.206184077,0.152811673,0.204909501,0.254365138,0
159,P,DISAGREEMENT,SUBJECTIVE,86,NONIRONIC,0.449383051,0.078447135,0.005051356,0.059666881,0.012248075,0
160,N,DISAGREEMENT,SUBJECTIVE,86,NONIRONIC,0.224410512,0.149904866,0.081170273,0.169934521,0.105711404,1
161,N,DISAGREEMENT,SUBJECTIVE,86,NONIRONIC,0.075541215,0.239200381,0.065489733,0.224351373,0.249642938,0
162,P,DISAGREEMENT,SUBJECTIVE,86,NONIRONIC,0.114737183,0.207562681,0.050263897,0.20187065,0.256106462,0
163,NEU,DISAGREEMENT,SUBJECTIVE,91,NONIRONIC,0.066810222,0.429140168,0.180551179,0.107428804,0.12563817,1
164,P,DISAGREEMENT,SUBJECTIVE,86,NONIRONIC,0.025713517,0.143776173,0.535484879,0.130487538,0.126359195,0
165,P,DISAGREEMENT,SUBJECTIVE,84,NONIRONIC,0.160625684,0.257875587,0.07367317,0.136087963,0.128652265,0
166,NEU,DISAGREEMENT,SUBJECTIVE,76,IRONIC,0.156014615,0.170511114,0.080556371,0.221027419,0.184020625,0
167,P,DISAGREEMENT,SUBJECTIVE,86,NONIRONIC,0.09578892,0.310784872,0,0.215447437,0.18531401,1
168,NEU,DISAGREEMENT,SUBJECTIVE,91,NONIRONIC,0.04139863,0.503264292,0.067306301,0.158169567,0.137298697,1
169,NEU,DISAGREEMENT,SUBJECTIVE,90,NONIRONIC,0.17137204,0.089782345,0.029492021,0.275306106,0.10455988,1
170,P,DISAGREEMENT,SUBJECTIVE,84,IRONIC,0.153775905,0.256791514,0.029137587,0.211077696,0.173393055,1
171,NEU,DISAGREEMENT,SUBJECTIVE,86,NONIRONIC,0.045359407,0.163902782,0.109103505,0.371576949,0.225386439,1
172,NEU,DISAGREEMENT,SUBJECTIVE,76,IRONIC,0.191891772,0.217274278,0.073502422,0.138113585,0.160754179,0
173,N,DISAGREEMENT,SUBJECTIVE,73,IRONIC,0.076527449,0.35263696,0.0216896,0.267692444,0.160196669,0
174,N,DISAGREEMENT,SUBJECTIVE,74,IRONIC,0.140649421,0.158807232,0.037048686,0.101215072,0.072988707,1
175,NEU,DISAGREEMENT,SUBJECTIVE,86,NONIRONIC,0.269625901,0.100082696,0.162870679,0.107343787,0.042839025,0
176,NEU,DISAGREEMENT,SUBJECTIVE,86,NONIRONIC,0.072501061,0.325054392,0.0564803,0.214255365,0.240376313,0
177,P,DISAGREEMENT,SUBJECTIVE,84,NONIRONIC,0.089465052,0.070658977,0.477016785,0.104293943,0.118588153,0
178,P,DISAGREEMENT,SUBJECTIVE,86,NONIRONIC,0.115235083,0.298115314,0.061989427,0.150629356,0.203861397,1
179,P,DISAGREEMENT,SUBJECTIVE,86,NONIRONIC,0.268355895,0.126281269,0.035810941,0.174423373,0.085612776,0
180,P,DISAGREEMENT,SUBJECTIVE,86,NONIRONIC,0.167879137,0.193550843,0.078918488,0.236193133,0.164366797,0
181,N,DISAGREEMENT,SUBJECTIVE,86,NONIRONIC,0.107073026,0.270999785,0.1418707,0.176362965,0.200405702,1
182,N,DISAGREEMENT,SUBJECTIVE,94,NONIRONIC,0.059295492,0.424260074,0.072351728,0.174946644,0.124592948,0
183,P,DISAGREEMENT,SUBJECTIVE,92,NONIRONIC,0.210231346,0.088603898,0.040485218,0.108541947,0.01776315,1
184,P,DISAGREEMENT,SUBJECTIVE,74,IRONIC,0.402940384,0.051168014,0.018062974,0.07346653,0.08893306,1
185,P,DISAGREEMENT,SUBJECTIVE,84,NONIRONIC,0.25988817,0.211078143,0.04859125,0.114325388,0.064191782,0
186,N,DISAGREEMENT,OBJECTIVE,86,NONIRONIC,0.138849369,0.247117172,0.035768112,0.196481948,0.143752696,0
187,N,DISAGREEMENT,OBJECTIVE,92,NONIRONIC,0.306375848,0.130422024,0,0.155586455,0.119769284,1
188,N,DISAGREEMENT,SUBJECTIVE,86,NONIRONIC,0.129388236,0.230388383,0.059819614,0.191232283,0.194312894,1
189,NEU,DISAGREEMENT,SUBJECTIVE,86,NONIRONIC,0.076233784,0.287341765,0.051631405,0.182980216,0.320239548,1
190,N,DISAGREEMENT,SUBJECTIVE,76,IRONIC,0.060424703,0.128013786,0.011829833,0.232352856,0.504887906,1
191,P,DISAGREEMENT,SUBJECTIVE,86,NONIRONIC,0.163791587,0.113711972,0.105793602,0.288587916,0.126226484,0
192,P,DISAGREEMENT,SUBJECTIVE,86,NONIRONIC,0.104320085,0.215623943,0.136725205,0.188458738,0.229301202,0
193,P,DISAGREEMENT,SUBJECTIVE,94,NONIRONIC,0.189644375,0.226109239,0.046254331,0.164106511,0.115551304,1
194,P,DISAGREEMENT,SUBJECTIVE,91,NONIRONIC,0.050844437,0.206421695,0.0202532,0.437329915,0.223828615,0
195,P,DISAGREEMENT,SUBJECTIVE,86,NONIRONIC,0.140659827,0.312865997,0.03511334,0.15016518,0.131971198,0
196,N,DISAGREEMENT,OBJECTIVE,94,NONIRONIC,0.255419699,0.099161586,0.074146965,0.140232461,0.122573137,1
197,P,DISAGREEMENT,SUBJECTIVE,94,NONIRONIC,0.320652436,0.152116885,0,0.159490053,0.174718278,1
198,N,DISAGREEMENT,SUBJECTIVE,84,NONIRONIC,0.191313972,0.245631776,0.042522223,0.197858884,0.137346394,0
199,P,DISAGREEMENT,OBJECTIVE,94,NONIRONIC,0.185254048,0.307145667,0.096675731,0.115667511,0.122571458,0
200,P,DISAGREEMENT,SUBJECTIVE,86,NONIRONIC,0.471972177,0.058820025,0.014015749,0.050100187,0.020314381,1
201,P,DISAGREEMENT,SUBJECTIVE,86,NONIRONIC,0.098027691,0.384319967,0.046293945,0.190884272,0.129606795,1
202,N,DISAGREEMENT,SUBJECTIVE,73,IRONIC,0.269015423,0.151955713,0,0.152953796,0.174548818,1
203,NEU,DISAGREEMENT,SUBJECTIVE,76,IRONIC,0.196027577,0.080842906,0.028949946,0.288661344,0.142032308,0
204,P,DISAGREEMENT,SUBJECTIVE,94,NONIRONIC,0.146178008,0.213941147,0.055925508,0.165538187,0.104572328,0
205,P,DISAGREEMENT,SUBJECTIVE,92,NONIRONIC,0.061170411,0.382505915,0.090192368,0.186319952,0.186934028,0
206,NEU,DISAGREEMENT,SUBJECTIVE,86,NONIRONIC,0.225570746,0.102496684,0.059045652,0.192681016,0.070701331,0
207,NEU,DISAGREEMENT,SUBJECTIVE,86,NONIRONIC,0.124366984,0.258068211,0.04582766,0.217589101,0.182402129,0
208,P,AGREEMENT,SUBJECTIVE,92,NONIRONIC,0.125679084,0.289191041,0.054059082,0.180860284,0.146586984,1
209,N,DISAGREEMENT,SUBJECTIVE,76,IRONIC,0.164842486,0.315874559,0.011392546,0.068424754,0.022929516,1
210,N,DISAGREEMENT,SUBJECTIVE,76,IRONIC,0.023978108,0.526698027,0.034979275,0.188309045,0.179032169,1
211,NEU,DISAGREEMENT,SUBJECTIVE,83,NONIRONIC,0.238626273,0.096827601,0,0.122938351,0.130962514,0
212,P,DISAGREEMENT,SUBJECTIVE,86,NONIRONIC,0.149233621,0.242574464,0.052589794,0.158830925,0.114089027,1
213,N,DISAGREEMENT,SUBJECTIVE,84,NONIRONIC,0.067724294,0.390278644,0.102896301,0.142714787,0.195514894,1
214,NEU,DISAGREEMENT,SUBJECTIVE,91,NONIRONIC,0.34418396,0.061462864,0.017145532,0.112093782,0.053748961,0
215,NEU,DISAGREEMENT,SUBJECTIVE,86,NONIRONIC,0.104774199,0.22080055,0.108870385,0.240415736,0.167572025,0
216,N,DISAGREEMENT,SUBJECTIVE,83,NONIRONIC,0.066850155,0.405201941,0.079806902,0.17536355,0.142187809,0
217,P,DISAGREEMENT,SUBJECTIVE,86,NONIRONIC,0.164510053,0.193809171,0.031214799,0.197621439,0.214301733,0
218,NEU,DISAGREEMENT,SUBJECTIVE,86,NONIRONIC,0.149817828,0.253773286,0.051793012,0.180954841,0.111708155,1
219,N,DISAGREEMENT,SUBJECTIVE,86,NONIRONIC,0.115806448,0.11068332,0.356566503,0.129075981,0.145803277,1
220,N,DISAGREEMENT,SUBJECTIVE,86,NONIRONIC,0.048153149,0.306647714,0.119829013,0.205763985,0.213508012,0
221,P,DISAGREEMENT,SUBJECTIVE,83,NONIRONIC,0.161003033,0.172027126,0.09085468,0.209973557,0.195627789,0
222,P,DISAGREEMENT,SUBJECTIVE,92,NONIRONIC,0.113935341,0.362390147,0.051607554,0.170857855,0.135871869,0
223,NEU,DISAGREEMENT,SUBJECTIVE,86,NONIRONIC,0.39829799,0.106212067,0,0.143467386,0.076166728,1
224,NEU,DISAGREEMENT,SUBJECTIVE,86,NONIRONIC,0.157199299,0.314484467,0.029944996,0.170457787,0.177037901,1
225,NEU,DISAGREEMENT,SUBJECTIVE,86,NONIRONIC,0.089378907,0.286723052,0.050504382,0.174913469,0.113080606,1
226,N,DISAGREEMENT,SUBJECTIVE,86,NONIRONIC,0.184578342,0.224149514,0.037822953,0.169082187,0.135587487,0
227,NEU,DISAGREEMENT,SUBJECTIVE,86,NONIRONIC,0.323024959,0.102920847,0,0.132847908,0.058312086,0
228,NEU,DISAGREEMENT,SUBJECTIVE,86,NONIRONIC,0.165802635,0.293512712,0.057523804,0.148373549,0.147538255,0
229,N,DISAGREEMENT,SUBJECTIVE,86,NONIRONIC,0.252588281,0.189039443,0.043806117,0.186119745,0.117127065,0
230,P,DISAGREEMENT,SUBJECTIVE,92,NONIRONIC,0.102868944,0.180975637,0.136582724,0.259670861,0.191491007,0
231,P,DISAGREEMENT,SUBJECTIVE,94,NONIRONIC,0.412062326,0.058385269,0.007652012,0.068423657,0.017648943,1
232,P,DISAGREEMENT,SUBJECTIVE,76,IRONIC,0.123840676,0.295968239,0.078223174,0.159957825,0.134124743,0
233,NEU,DISAGREEMENT,SUBJECTIVE,94,NONIRONIC,0.24699612,0.191491546,0.021816443,0.135902029,0.099247164,1
234,P,DISAGREEMENT,SUBJECTIVE,86,NONIRONIC,0.130051339,0.154651696,0.088403636,0.262083288,0.222714886,0
235,P,AGREEMENT,OBJECTIVE,100,NONIRONIC,0.183464631,0.116180038,0.027144567,0.255462675,0.11385709,1
236,N,DISAGREEMENT,SUBJECTIVE,86,NONIRONIC,0.2441365,0.154134987,0.028508719,0.164411211,0.147547714,1
237,N,AGREEMENT,SUBJECTIVE,100,NONIRONIC,0.100638829,0.101640931,0.038848355,0.130118988,0.57438944,1
238,P,AGREEMENT,OBJECTIVE,100,NONIRONIC,0.245597722,0.187939464,0.036524509,0.079432471,0.105849429,1
239,P,DISAGREEMENT,SUBJECTIVE,76,IRONIC,0.143279219,0.157701781,0.094388667,0.273829652,0.147838476,0
240,P,DISAGREEMENT,SUBJECTIVE,92,NONIRONIC,0.126688247,0.165563057,0.025285064,0.187437641,0.115918431,0
241,N,DISAGREEMENT,SUBJECTIVE,86,NONIRONIC,0.015347754,0.230314238,0.137150798,0.126102636,0.473690484,1
242,N,DISAGREEMENT,SUBJECTIVE,86,NONIRONIC,0.275514042,0.099009889,0.222824736,0.097111294,0.028013573,0
243,N,DISAGREEMENT,SUBJECTIVE,86,NONIRONIC,0.169102287,0.128369252,0.025006003,0.116807066,0.453468281,0
244,N,DISAGREEMENT,SUBJECTIVE,73,IRONIC,0.056141128,0.242219953,0.08307849,0.275952492,0.195042511,0
245,N,DISAGREEMENT,SUBJECTIVE,86,NONIRONIC,0.09667486,0.336263156,0.120686887,0.168526517,0.181263047,1
246,NEU,DISAGREEMENT,SUBJECTIVE,76,IRONIC,0.065606634,0.300036127,0.042935205,0.214223788,0.294660881,1
247,NEU,DISAGREEMENT,SUBJECTIVE,86,NONIRONIC,0.051361444,0.213985231,0.12563436,0.245317952,0.259641524,1
248,NEU,DISAGREEMENT,SUBJECTIVE,86,NONIRONIC,0.226275738,0.145272358,0.024890447,0.138939735,0.114020414,0
249,N,DISAGREEMENT,SUBJECTIVE,86,NONIRONIC,0.261608981,0.226879287,0.033415503,0.120306852,0.11288647,0
250,P,DISAGREEMENT,SUBJECTIVE,83,NONIRONIC,0.120818003,0.316511639,0.064937615,0.179417796,0.16144817,0
251,NEU,DISAGREEMENT,SUBJECTIVE,94,NONIRONIC,0.193356976,0.211142787,0.058382739,0.134783749,0.072547548,0
252,P,DISAGREEMENT,SUBJECTIVE,86,NONIRONIC,0.291568958,0.090015835,0.025836961,0.105915229,0.077005833,1
253,N,DISAGREEMENT,OBJECTIVE,94,NONIRONIC,0.04508125,0.343468367,0.266665692,0.123034496,0.137050386,1
254,NEU,DISAGREEMENT,SUBJECTIVE,86,NONIRONIC,0.219840793,0.152144088,0.076760429,0.142947424,0.085806772,1
255,P,DISAGREEMENT,SUBJECTIVE,94,NONIRONIC,0.089842461,0.233846474,0.076770503,0.27042192,0.224629175,0
256,NEU,DISAGREEMENT,SUBJECTIVE,84,NONIRONIC,0.204694693,0.137115014,0.057382855,0.215773346,0.101659426,0
257,P,DISAGREEMENT,SUBJECTIVE,86,NONIRONIC,0.278419863,0.12639008,0.040863011,0.190656555,0.128130044,0
258,P,DISAGREEMENT,SUBJECTIVE,92,NONIRONIC,0.374758686,0.095934696,0,0.107493028,0.137522282,1
259,NEU,DISAGREEMENT,SUBJECTIVE,86,NONIRONIC,0.081725151,0.343245436,0.093975045,0.140619818,0.253059005,0
260,NEU,DISAGREEMENT,SUBJECTIVE,76,IRONIC,0.056125023,0.323888803,0.081714923,0.182579719,0.271725288,1
261,P,DISAGREEMENT,SUBJECTIVE,86,NONIRONIC,0.120494862,0.26819096,0.139245393,0.171630804,0.175848579,0
262,P,DISAGREEMENT,SUBJECTIVE,92,NONIRONIC,0.250754004,0.052960124,0.01071364,0.127304975,0.011538182,1
263,P,DISAGREEMENT,SUBJECTIVE,86,NONIRONIC,0.289184117,0.172130419,0.045645321,0.111569801,0.076084175,0
264,NEU,DISAGREEMENT,SUBJECTIVE,76,IRONIC,0.147836434,0.140626626,0.102247816,0.228303888,0.124184241,0
265,NEU,DISAGREEMENT,SUBJECTIVE,86,NONIRONIC,0.068381183,0.305711999,0.15622153,0.197458277,0.192378736,0
266,N,DISAGREEMENT,SUBJECTIVE,94,NONIRONIC,0.149764454,0.21022409,0.075480977,0.217503111,0.17704978,1
267,NEU,DISAGREEMENT,SUBJECTIVE,94,NONIRONIC,0.199352639,0.167380967,0,0.25174099,0.122934916,1
268,NEU,DISAGREEMENT,SUBJECTIVE,76,IRONIC,0.109126762,0.329705706,0.060749372,0.173327593,0.138050249,0
269,P,DISAGREEMENT,SUBJECTIVE,84,IRONIC,0.054145518,0.231034854,0.114338253,0.24236835,0.297059752,1
270,NEU,DISAGREEMENT,SUBJECTIVE,76,IRONIC,0.066926557,0.39414688,0.065395588,0.171641551,0.151730389,1
271,NEU,DISAGREEMENT,OBJECTIVE,94,NONIRONIC,0.106651108,0.29346891,0.03793374,0.217483887,0.139109022,1
272,N,DISAGREEMENT,SUBJECTIVE,86,NONIRONIC,0.039434318,0.46304634,0.064119947,0.181382521,0.132630535,0
273,NEU,DISAGREEMENT,OBJECTIVE,91,NONIRONIC,0.087692027,0.488436714,0.062873064,0.127657316,0.119910639,1
274,P,DISAGREEMENT,SUBJECTIVE,86,NONIRONIC,0.048595665,0.398081759,0.119157347,0.168236575,0.179813483,1
275,N,AGREEMENT,OBJECTIVE,100,NONIRONIC,0.088022187,0.360837945,0.045875813,0.205882472,0.115410167,1
276,NEU,DISAGREEMENT,SUBJECTIVE,86,NONIRONIC,0.032684417,0.677744239,0.042710366,0.048330259,0.072582047,1
277,P+,AGREEMENT,SUBJECTIVE,98,NONIRONIC,0.423602946,0.126030091,0.013505972,0.069111804,0.030792814,1
278,N,DISAGREEMENT,SUBJECTIVE,86,NONIRONIC,0.108049657,0.295292891,0.080422117,0.212274423,0.138507797,0
279,NEU,DISAGREEMENT,SUBJECTIVE,76,IRONIC,0.082102307,0.08576829,0.030439458,0.214309193,0.450967743,0
280,P,DISAGREEMENT,SUBJECTIVE,86,NONIRONIC,0.094419291,0.233488086,0.046027302,0.234667472,0.22839921,0
281,N+,AGREEMENT,OBJECTIVE,100,NONIRONIC,0.17248089,0.259888513,0,0.159315701,0.132254117,1
282,N,DISAGREEMENT,SUBJECTIVE,83,NONIRONIC,0.028121504,0.452340156,0.083495926,0.155192238,0.223604047,1
283,N+,AGREEMENT,SUBJECTIVE,100,NONIRONIC,0.059212239,0.400950111,0.179036751,0.136677456,0.146663417,1
284,NEU,DISAGREEMENT,SUBJECTIVE,86,NONIRONIC,0.242834099,0.056720203,0.027167169,0.124671037,0.079892929,0
285,N,DISAGREEMENT,SUBJECTIVE,84,IRONIC,0.256059944,0.137592057,0.025062718,0.173254445,0.106687645,1
286,P,DISAGREEMENT,SUBJECTIVE,86,NONIRONIC,0.111251706,0.344440583,0.046861326,0.143495086,0.156486524,1
287,NEU,DISAGREEMENT,SUBJECTIVE,86,NONIRONIC,0.073257333,0.346523415,0.089015707,0.200017775,0.190668966,0
288,NEU,DISAGREEMENT,SUBJECTIVE,86,NONIRONIC,0.048798303,0.184493725,0.180013222,0.218542243,0.279681268,1
289,P,DISAGREEMENT,SUBJECTIVE,86,NONIRONIC,0.135932995,0.148995839,0.118323723,0.220957567,0.149170663,0
290,P,AGREEMENT,OBJECTIVE,92,NONIRONIC,0.108136017,0.244245778,0.065551148,0.24840136,0.193278665,1
291,N,DISAGREEMENT,SUBJECTIVE,74,IRONIC,0.103028218,0.211837546,0.031990242,0.17836419,0.159579003,1
292,P,DISAGREEMENT,SUBJECTIVE,86,NONIRONIC,0.316081153,0.157450174,0.02136383,0.123497242,0.090447382,1
293,N,DISAGREEMENT,OBJECTIVE,86,NONIRONIC,0.087647717,0.211514739,0.091108043,0.26559229,0.247883547,0
294,NEU,DISAGREEMENT,SUBJECTIVE,86,NONIRONIC,0.019402432,0.513369051,0.080978018,0.184196222,0.158393025,1
295,P,AGREEMENT,SUBJECTIVE,92,NONIRONIC,0.041680206,0.552826543,0.129593129,0.082961016,0.135832568,1
296,N,DISAGREEMENT,SUBJECTIVE,91,NONIRONIC,0.127340769,0.259032904,0.025939478,0.10978163,0.201195074,0
297,P,DISAGREEMENT,SUBJECTIVE,86,NONIRONIC,0.055910037,0.292735182,0.072659159,0.116460693,0.404422145,1
298,NEU,DISAGREEMENT,SUBJECTIVE,86,NONIRONIC,0.260190569,0.107387062,0.038675722,0.154727764,0.150108995,1
299,P,DISAGREEMENT,SUBJECTIVE,94,NONIRONIC,0.287488383,0.099233216,0.017248652,0.131832334,0.059533833,1
300,N,DISAGREEMENT,SUBJECTIVE,86,NONIRONIC,0.336929206,0.154263371,0.042229973,0.123569184,0.089623835,1
301,P,DISAGREEMENT,SUBJECTIVE,86,NONIRONIC,0.02552513,0.584971068,0.097169124,0.111345642,0.134392084,1
302,P,DISAGREEMENT,SUBJECTIVE,86,NONIRONIC,0.169412176,0.128829634,0.030727436,0.241144509,0.234544892,0
303,P,AGREEMENT,SUBJECTIVE,98,NONIRONIC,0.174633179,0.17259939,0.070737491,0.188694887,0.20542241,1
304,P,AGREEMENT,SUBJECTIVE,100,NONIRONIC,0.277984216,0.229451537,0,0.121959898,0.091164747,1
305,N,DISAGREEMENT,SUBJECTIVE,86,NONIRONIC,0.127078476,0.085766183,0.015600941,0.09261213,0.064323503,1
306,N,AGREEMENT,SUBJECTIVE,100,NONIRONIC,0.133452729,0.187087845,0.18118009,0.169810865,0.224077796,1
307,NEU,DISAGREEMENT,SUBJECTIVE,76,IRONIC,0.106287464,0.353403392,0.085758907,0.192474767,0.127669015,1
308,NEU,DISAGREEMENT,SUBJECTIVE,73,IRONIC,0.15071785,0.304922937,0.075615889,0.123364485,0.158132574,1
309,NEU,DISAGREEMENT,SUBJECTIVE,86,NONIRONIC,0.040492559,0.287154536,0.029515715,0.184935318,0.388502292,0
310,P,DISAGREEMENT,SUBJECTIVE,74,IRONIC,0.19406192,0.17247085,0.032645156,0.246208181,0.127782911,0
311,N,DISAGREEMENT,SUBJECTIVE,84,NONIRONIC,0.079161863,0.349534375,0.055890118,0.176657937,0.149028924,0
312,N,DISAGREEMENT,SUBJECTIVE,86,NONIRONIC,0.035909568,0.429945654,0.129463218,0.151389964,0.181959479,1
313,NEU,DISAGREEMENT,SUBJECTIVE,86,NONIRONIC,0.172586145,0.21316955,0.047930665,0.127553557,0.095543679,0
314,P,DISAGREEMENT,SUBJECTIVE,76,IRONIC,0.21690417,0.120105711,0.112088458,0.23993174,0.105531675,0
315,P,DISAGREEMENT,SUBJECTIVE,86,NONIRONIC,0.399104379,0.032273368,0.008748177,0.111516758,0.09241695,0
316,P,DISAGREEMENT,SUBJECTIVE,86,NONIRONIC,0.097793684,0.320745846,0.061875017,0.150531106,0.102043443,0
317,NEU,DISAGREEMENT,SUBJECTIVE,86,NONIRONIC,0.240088742,0.1497387,0.024914484,0.13095401,0.047040964,1
318,N,DISAGREEMENT,SUBJECTIVE,86,NONIRONIC,0.03378251,0.174859502,0.02946594,0.447923538,0.257944573,0
319,P,DISAGREEMENT,SUBJECTIVE,86,NONIRONIC,0.234986204,0.156277524,0.061456588,0.137106144,0.093447027,1
320,NEU,DISAGREEMENT,SUBJECTIVE,86,NONIRONIC,0.299278742,0.042371249,0.125836552,0.095178892,0.016083378,0
321,P,AGREEMENT,SUBJECTIVE,100,NONIRONIC,0.140970306,0.270729418,0.07934674,0.176988135,0.14060218,0
322,P,DISAGREEMENT,SUBJECTIVE,83,NONIRONIC,0.135381415,0.35115008,0,0.085974289,0.058537726,1
323,NEU,DISAGREEMENT,SUBJECTIVE,94,NONIRONIC,0.054784996,0.271904138,0.168370462,0.213087584,0.179355546,0
324,P,DISAGREEMENT,SUBJECTIVE,86,NONIRONIC,0.111760974,0.344554335,0.068448538,0.119311666,0.143892209,1
325,NEU,DISAGREEMENT,SUBJECTIVE,83,NONIRONIC,0.08840436,0.139539889,0.020327543,0.051510646,0.050330829,0
326,P,DISAGREEMENT,SUBJECTIVE,86,NONIRONIC,0.21142902,0.101024946,0.129365723,0.140699684,0.244533326,0
327,P,DISAGREEMENT,SUBJECTIVE,84,NONIRONIC,0.069171646,0.248865724,0.034359514,0.143250466,0.45004946,1
328,P,DISAGREEMENT,SUBJECTIVE,91,NONIRONIC,0.352287897,0.12035865,0.061002197,0.107763095,0.088231179,1
329,N,AGREEMENT,OBJECTIVE,100,NONIRONIC,0.094539849,0.303969572,0.027865122,0.25450064,0.192054225,1
330,P,DISAGREEMENT,OBJECTIVE,91,NONIRONIC,0.094570589,0.224549044,0.086927119,0.234285652,0.069901058,1
331,N,DISAGREEMENT,OBJECTIVE,94,NONIRONIC,0.13480857,0.269638342,0.032793516,0.151926003,0.114720605,1
332,NEU,DISAGREEMENT,SUBJECTIVE,76,IRONIC,0.120795604,0.303548794,0.058590326,0.161655472,0.124071856,0
333,NEU,DISAGREEMENT,SUBJECTIVE,86,NONIRONIC,0.078511717,0.378427652,0.062257121,0.174005353,0.169892306,1
334,N,DISAGREEMENT,SUBJECTIVE,86,NONIRONIC,0.152134735,0.274780252,0.032554387,0.117050716,0.115536434,1
335,NEU,DISAGREEMENT,SUBJECTIVE,76,IRONIC,0.152786125,0.253612665,0.073707362,0.158848966,0.201105019,1
336,NEU,DISAGREEMENT,SUBJECTIVE,94,NONIRONIC,0.079504161,0.342942273,0.110339969,0.193744057,0.137699096,0
337,P,DISAGREEMENT,SUBJECTIVE,86,NONIRONIC,0.18747799,0.15784446,0.122013563,0.187864717,0.138407787,1
338,N,DISAGREEMENT,SUBJECTIVE,94,NONIRONIC,0.10402502,0.307976184,0.084594797,0.18260726,0.133313542,1
339,N,DISAGREEMENT,SUBJECTIVE,91,NONIRONIC,0.023314727,0.624128219,0.065154828,0.122710653,0.107444771,1
340,P,DISAGREEMENT,OBJECTIVE,86,NONIRONIC,0.301519582,0.203732267,0,0.130016606,0.147828427,1
341,N,DISAGREEMENT,SUBJECTIVE,83,NONIRONIC,0.185294165,0.279761267,0.042392736,0.157640196,0.176562497,0
342,NEU,DISAGREEMENT,SUBJECTIVE,91,NONIRONIC,0.114682606,0.263142174,0.199704788,0.150747265,0.151919818,0
343,NEU,DISAGREEMENT,SUBJECTIVE,86,NONIRONIC,0.06674021,0.30399134,0.035485074,0.174912862,0.333559042,1
344,NEU,DISAGREEMENT,SUBJECTIVE,84,NONIRONIC,0.112899657,0.23988752,0.087765448,0.241030446,0.146510018,1
345,P,DISAGREEMENT,SUBJECTIVE,84,NONIRONIC,0.196889008,0.204073987,0.035710102,0.139884639,0.180998378,1
346,N,DISAGREEMENT,SUBJECTIVE,86,NONIRONIC,0.117119143,0.312683947,0.058917186,0.146128002,0.239597373,0
347,N,DISAGREEMENT,SUBJECTIVE,86,NONIRONIC,0.286395006,0.099547495,0.042792158,0.209147015,0.124435929,0
348,N,DISAGREEMENT,SUBJECTIVE,92,NONIRONIC,0.187275185,0.213210872,0.028366066,0.183495462,0.149728436,1
349,N,DISAGREEMENT,SUBJECTIVE,86,NONIRONIC,0.166284168,0.166956021,0.050275125,0.230855292,0.223193687,0
350,P,DISAGREEMENT,SUBJECTIVE,86,NONIRONIC,0.223013156,0.144387774,0.06537173,0.144105202,0.080072862,0
351,P,DISAGREEMENT,SUBJECTIVE,76,IRONIC,0.13708268,0.312025391,0.07484774,0.16930103,0.219158467,0
352,P,DISAGREEMENT,SUBJECTIVE,86,NONIRONIC,0.125033881,0.35691485,0.03225641,0.158566754,0.153748979,1
353,N,DISAGREEMENT,SUBJECTIVE,82,NONIRONIC,0.114753081,0.213486665,0.040632088,0.245667252,0.215823355,1
354,N,DISAGREEMENT,SUBJECTIVE,92,NONIRONIC,0.146298512,0.252166214,0.084889559,0.163967118,0.148095696,0
355,P,DISAGREEMENT,SUBJECTIVE,86,NONIRONIC,0.387907487,0.075322735,0.0574895,0.100697331,0.043716075,0
356,NEU,DISAGREEMENT,SUBJECTIVE,86,NONIRONIC,0.035499191,0.179410074,0.208636173,0.21563492,0.259356475,0
357,P,DISAGREEMENT,SUBJECTIVE,86,NONIRONIC,0.216018667,0.331514271,0.015944963,0.085807474,0.030343772,0
358,P,DISAGREEMENT,SUBJECTIVE,83,NONIRONIC,0.207662468,0.239132772,0.113191466,0.148996605,0.129283568,0
359,NEU,DISAGREEMENT,SUBJECTIVE,86,NONIRONIC,0.045041439,0.321719891,0.069532035,0.222206819,0.262180369,0
360,P,DISAGREEMENT,SUBJECTIVE,86,NONIRONIC,0.085456838,0.321778852,0.114324952,0.149935746,0.234617122,0
361,N,DISAGREEMENT,SUBJECTIVE,94,NONIRONIC,0.107627748,0.307384053,0.089349445,0.12836395,0.209424377,1
362,NEU,DISAGREEMENT,SUBJECTIVE,86,NONIRONIC,0.159752436,0.370448144,0.034679459,0.136927932,0.167440718,0
363,P,DISAGREEMENT,SUBJECTIVE,86,NONIRONIC,0.095472471,0.161781947,0.134067252,0.299042882,0.161327859,0
364,NONE,AGREEMENT,OBJECTIVE,100,NONIRONIC,0.641389078,0.013673369,0.000316306,0.019374559,0.059313949,1
365,N,DISAGREEMENT,SUBJECTIVE,83,NONIRONIC,0.105626997,0.369589402,0.039138852,0.184350766,0.162233328,1
366,NEU,DISAGREEMENT,SUBJECTIVE,86,NONIRONIC,0.209178592,0.355745399,0.027255538,0.112681474,0.069513361,1
367,P,DISAGREEMENT,SUBJECTIVE,94,NONIRONIC,0.076828207,0.153420523,0.070500271,0.156079746,0.455245652,1
368,N,DISAGREEMENT,SUBJECTIVE,86,NONIRONIC,0.1110375,0.275327448,0.039909631,0.241448847,0.174475687,0
369,NEU,DISAGREEMENT,SUBJECTIVE,76,IRONIC,0.311859424,0.048780596,0.019672009,0.15628954,0.116457369,1
370,N,DISAGREEMENT,SUBJECTIVE,86,NONIRONIC,0.128568456,0.186868215,0.030785789,0.131166668,0.029401605,1
371,NEU,DISAGREEMENT,SUBJECTIVE,86,NONIRONIC,0.17256471,0.103222233,0.07629162,0.236734988,0.069167783,1
372,P,DISAGREEMENT,SUBJECTIVE,83,NONIRONIC,0.063256205,0.170243912,0.150903991,0.277279841,0.22514232,0
373,N,DISAGREEMENT,SUBJECTIVE,83,NONIRONIC,0.257256455,0.18069897,0.054411324,0.132901376,0.082659964,1
374,P,DISAGREEMENT,SUBJECTIVE,86,NONIRONIC,0.299402928,0.099188357,0.05047579,0.117106808,0.081120693,0
375,P+,AGREEMENT,SUBJECTIVE,100,NONIRONIC,0.191622652,0.17925021,0.020385474,0.128333115,0.041268375,0
376,P,DISAGREEMENT,SUBJECTIVE,94,NONIRONIC,0.100665432,0.269666371,0.153042901,0.206463353,0.143227242,1
377,NEU,DISAGREEMENT,SUBJECTIVE,86,NONIRONIC,0.246288432,0.12838102,0.053249153,0.223053369,0.09180652,1
378,P,DISAGREEMENT,SUBJECTIVE,86,NONIRONIC,0.201420801,0.119853567,0.092794652,0.183338961,0.101952367,0
379,NEU,DISAGREEMENT,SUBJECTIVE,86,NONIRONIC,0.085176707,0.102631128,0.017473384,0.412793091,0.2826663,0
380,N,DISAGREEMENT,SUBJECTIVE,94,NONIRONIC,0.351912929,0.169134228,0.027219756,0.14080215,0.150417226,1
381,NEU,DISAGREEMENT,SUBJECTIVE,86,NONIRONIC,0.076669033,0.342803224,0.068904278,0.173051644,0.245159707,0
382,N,DISAGREEMENT,SUBJECTIVE,86,NONIRONIC,0.023751784,0.520998374,0.118129833,0.123063168,0.169889215,0
383,P,DISAGREEMENT,SUBJECTIVE,86,NONIRONIC,0.160493668,0.070406056,0,0.330959215,0.071846252,1
384,P,DISAGREEMENT,OBJECTIVE,76,IRONIC,0.084213345,0.145906653,0.072850519,0.28556809,0.249968552,0
385,NEU,DISAGREEMENT,SUBJECTIVE,86,NONIRONIC,0.087758159,0.242634219,0.086679435,0.179307693,0.232571451,0
386,N,DISAGREEMENT,SUBJECTIVE,76,IRONIC,0.082316329,0.337190422,0.026631317,0.242589581,0.195549711,0
387,P,DISAGREEMENT,SUBJECTIVE,83,NONIRONIC,0.094467476,0.205773855,0.032362752,0.279172599,0.278617523,0
388,N,DISAGREEMENT,SUBJECTIVE,92,NONIRONIC,0.104099489,0.256673659,0.064571622,0.191562614,0.202080133,1
389,NEU,DISAGREEMENT,SUBJECTIVE,86,NONIRONIC,0.128942608,0.239618061,0.047124126,0.145108436,0.082193213,0
390,N,DISAGREEMENT,SUBJECTIVE,86,NONIRONIC,0.055340155,0.110862189,0.056491631,0.247651886,0.430707934,1
391,P,DISAGREEMENT,SUBJECTIVE,71,IRONIC,0.078222992,0.188907243,0.15448593,0.191890919,0.264659263,0
392,NEU,DISAGREEMENT,SUBJECTIVE,84,NONIRONIC,0.251190551,0.162036926,0.065890762,0.117283351,0.046032773,0
393,NEU,DISAGREEMENT,SUBJECTIVE,94,NONIRONIC,0.1317537,0.110202164,0.113983913,0.286221092,0.242692617,1
394,NEU,DISAGREEMENT,SUBJECTIVE,86,NONIRONIC,0.209205907,0.080308059,0.024194327,0.297644752,0.135160877,0
395,NEU,DISAGREEMENT,SUBJECTIVE,83,NONIRONIC,0.124424287,0.269334037,0.041056032,0.131409063,0.340702972,1
396,N,DISAGREEMENT,SUBJECTIVE,73,IRONIC,0.145751003,0.230260015,0.022675715,0.162439175,0.336806448,1
397,N+,AGREEMENT,OBJECTIVE,100,NONIRONIC,0.030846103,0.483913468,0.063435892,0.156536726,0.1955107,1
398,NEU,DISAGREEMENT,SUBJECTIVE,83,NONIRONIC,0.089054793,0.188757956,0.065144467,0.223450403,0.264822403,0
399,P,DISAGREEMENT,SUBJECTIVE,86,NONIRONIC,0.144284988,0.305412276,0.059209639,0.145336766,0.15539271,0
400,P,AGREEMENT,OBJECTIVE,100,NONIRONIC,0.281178187,0.13768251,0.017711369,0.116913428,0.046877085,1
401,P,DISAGREEMENT,SUBJECTIVE,76,IRONIC,0.237754857,0.144153891,0.032793014,0.122839299,0.063773219,0
402,P,DISAGREEMENT,SUBJECTIVE,91,NONIRONIC,0.183732225,0.109047136,0.043506654,0.2808629,0.251439161,0
403,NONE,AGREEMENT,SUBJECTIVE,100,NONIRONIC,0.17826641,0.145502207,0.067126676,0.235427711,0.203242095,1
404,N,DISAGREEMENT,SUBJECTIVE,86,NONIRONIC,0.074992972,0.361116821,0.086819783,0.174898497,0.147019975,1
405,N,DISAGREEMENT,SUBJECTIVE,86,NONIRONIC,0.036577777,0.108198875,0.049844345,0.22208988,0.534959967,1
406,N,DISAGREEMENT,SUBJECTIVE,86,NONIRONIC,0.12491997,0.195997409,0.068323944,0.195745583,0.209954838,0
407,N,DISAGREEMENT,SUBJECTIVE,86,NONIRONIC,0.194629823,0.135423187,0.066874397,0.209292483,0.212177023,0
408,NEU,DISAGREEMENT,SUBJECTIVE,73,IRONIC,0.040594205,0.40120025,0.07209402,0.135848336,0.232854904,0
409,P,DISAGREEMENT,SUBJECTIVE,76,IRONIC,0.354301174,0.066707924,0,0.178200514,0.082962317,0
410,P,DISAGREEMENT,SUBJECTIVE,86,NONIRONIC,0.197892836,0.13524519,0.036345643,0.114494123,0.060352778,0
411,P,DISAGREEMENT,SUBJECTIVE,86,NONIRONIC,0.337570857,0.11802108,0.023610698,0.110162644,0.040866995,0
412,P,DISAGREEMENT,SUBJECTIVE,86,NONIRONIC,0.177972963,0.216345745,0.048334717,0.203570521,0.158296407,1
413,NEU,DISAGREEMENT,SUBJECTIVE,86,NONIRONIC,0.125526554,0.235028443,0.05899585,0.222213723,0.134278235,1
414,P,DISAGREEMENT,SUBJECTIVE,76,IRONIC,0.195899204,0.247214714,0.058730602,0.156556955,0.126405343,0
415,P,AGREEMENT,OBJECTIVE,100,NONIRONIC,0.22426856,0.105333018,0.070790646,0.19951574,0.132860426,1
416,N,DISAGREEMENT,SUBJECTIVE,94,NONIRONIC,0.165710803,0.283603524,0.035423108,0.17188591,0.138874347,1
417,NEU,DISAGREEMENT,SUBJECTIVE,86,NONIRONIC,0.235494564,0.160490773,0,0.28942503,0.139932451,0
418,N+,AGREEMENT,SUBJECTIVE,92,NONIRONIC,0.016755828,0.753949804,0.083782122,0.035840644,0.081012565,1
419,P,DISAGREEMENT,SUBJECTIVE,86,NONIRONIC,0.261839659,0.120716058,0.069023029,0.077593589,0.045751443,0
420,NEU,DISAGREEMENT,SUBJECTIVE,86,NONIRONIC,0.270790659,0.14933056,0.058153091,0.149999942,0.065016189,1
421,N,DISAGREEMENT,SUBJECTIVE,94,NONIRONIC,0.068334844,0.410697654,0.069682817,0.16075585,0.185806078,1
422,NEU,DISAGREEMENT,SUBJECTIVE,86,NONIRONIC,0.205495847,0.151062734,0.02774811,0.183929657,0.153937229,1
423,NEU,DISAGREEMENT,SUBJECTIVE,92,NONIRONIC,0.069645967,0.243396321,0.109938259,0.168511469,0.321421198,1
424,N,DISAGREEMENT,SUBJECTIVE,86,NONIRONIC,0.103741412,0.40156933,0.067033679,0.134391307,0.148703401,1
425,N,DISAGREEMENT,SUBJECTIVE,86,NONIRONIC,0.118366832,0.164430749,0.065005285,0.252570658,0.24034694,1
426,N,DISAGREEMENT,SUBJECTIVE,86,NONIRONIC,0.170800127,0.273939511,0.045435136,0.183759825,0.136923939,0
427,P,DISAGREEMENT,SUBJECTIVE,94,NONIRONIC,0.189756232,0.150649812,0.051077976,0.163995061,0.051267958,1
428,NEU,DISAGREEMENT,SUBJECTIVE,86,NONIRONIC,0.17983969,0.142907232,0.096883102,0.232038322,0.173552734,0
429,N,DISAGREEMENT,SUBJECTIVE,86,NONIRONIC,0.1053025,0.279053838,0.040514852,0.211216325,0.24597769,0
430,NEU,DISAGREEMENT,SUBJECTIVE,86,NONIRONIC,0.03294325,0.196583283,0.108635592,0.218778429,0.326960184,0
431,NEU,DISAGREEMENT,SUBJECTIVE,86,NONIRONIC,0.188155169,0.188103128,0.044480046,0.157155584,0.150069567,1
432,NEU,DISAGREEMENT,SUBJECTIVE,83,NONIRONIC,0.122327177,0.366666215,0.159675111,0.122467907,0.09986199,1
433,P,DISAGREEMENT,SUBJECTIVE,86,NONIRONIC,0.092465753,0.385364869,0.08018278,0.188551606,0.155001254,0
434,NEU,DISAGREEMENT,SUBJECTIVE,92,NONIRONIC,0.121440697,0.139130404,0.043486931,0.290818367,0.213413578,1
435,P,DISAGREEMENT,SUBJECTIVE,91,NONIRONIC,0.297128518,0.142653377,0,0.191454928,0.111313303,0
436,NEU,DISAGREEMENT,SUBJECTIVE,83,NONIRONIC,0.223013397,0.091896321,0.079969734,0.171689582,0.071331913,1
437,P,DISAGREEMENT,SUBJECTIVE,92,NONIRONIC,0.196704462,0.085859309,0.04275907,0.123384589,0.053448495,1
438,P,DISAGREEMENT,SUBJECTIVE,76,IRONIC,0.104550732,0.217373773,0.122318453,0.20550215,0.228730809,1
439,NEU,DISAGREEMENT,SUBJECTIVE,94,NONIRONIC,0.212812633,0.134652842,0.222893578,0.104575765,0.043980805,0
440,N,DISAGREEMENT,SUBJECTIVE,74,IRONIC,0.084402093,0.20282665,0.073941746,0.251846874,0.233096945,1
441,P,DISAGREEMENT,SUBJECTIVE,94,NONIRONIC,0.440532663,0.11230402,0.02015526,0.07963825,0.044406889,0
442,N,DISAGREEMENT,SUBJECTIVE,84,NONIRONIC,0.088979691,0.302319697,0.113308496,0.180781314,0.166304731,0
443,N,DISAGREEMENT,SUBJECTIVE,86,NONIRONIC,0.046793522,0.429814249,0.051022287,0.165703095,0.160466462,0
444,NEU,DISAGREEMENT,SUBJECTIVE,86,NONIRONIC,0.223392358,0.231997224,0.051913064,0.154880884,0.129994049,0
445,P,DISAGREEMENT,SUBJECTIVE,76,IRONIC,0.224255502,0.155118822,0.043223426,0.145233209,0.054699522,0
446,NEU,DISAGREEMENT,OBJECTIVE,86,NONIRONIC,0.11793465,0.154538287,0.04288877,0.206324554,0.112163428,1
447,N,DISAGREEMENT,SUBJECTIVE,86,NONIRONIC,0.101149222,0.417827508,0.047917329,0.187091477,0.120754413,1
448,NEU,DISAGREEMENT,SUBJECTIVE,76,IRONIC,0.106041859,0.195008816,0.03888257,0.300643678,0.203376562,0
449,P,DISAGREEMENT,OBJECTIVE,86,NONIRONIC,0.087578339,0.175857715,0.18114834,0.248779726,0.189637399,1
450,NEU,DISAGREEMENT,SUBJECTIVE,86,NONIRONIC,0.353432406,0.091392367,0.01641931,0.092982035,0.030264878,1
451,NEU,DISAGREEMENT,SUBJECTIVE,86,NONIRONIC,0.083972232,0.259150448,0.08696804,0.222534697,0.23289897,1
452,N,DISAGREEMENT,SUBJECTIVE,86,NONIRONIC,0.073847207,0.172074901,0.096576047,0.283356895,0.220983267,0
453,P,DISAGREEMENT,SUBJECTIVE,86,NONIRONIC,0.117623169,0.173217122,0.129610645,0.264479911,0.179230371,0
454,NEU,DISAGREEMENT,SUBJECTIVE,86,NONIRONIC,0.094931784,0.180445826,0.118678873,0.25065282,0.23803075,0
455,P,DISAGREEMENT,SUBJECTIVE,86,NONIRONIC,0.276670218,0.095957246,0.025803066,0.194266258,0.12252155,0
456,NEU,DISAGREEMENT,SUBJECTIVE,86,NONIRONIC,0.065849257,0.246182905,0.180375403,0.145396715,0.258042274,0
457,N,DISAGREEMENT,SUBJECTIVE,86,NONIRONIC,0.15182248,0.207819275,0.073567134,0.223541575,0.128136153,1
458,P,DISAGREEMENT,SUBJECTIVE,76,IRONIC,0.59605414,0.064888106,0,0.106969129,0.076991249,0
459,P,DISAGREEMENT,SUBJECTIVE,91,NONIRONIC,0.081948675,0.272582141,0.092181005,0.243060981,0.201861565,1
460,NEU,DISAGREEMENT,SUBJECTIVE,76,IRONIC,0.180812972,0.100375469,0.059568046,0.212645102,0.168447553,0
461,P,DISAGREEMENT,SUBJECTIVE,83,NONIRONIC,0.231308952,0.138466578,0.05787631,0.108079515,0.072349552,0
462,NEU,DISAGREEMENT,SUBJECTIVE,74,IRONIC,0.293099405,0.115620785,0.042377532,0.112121958,0.083883062,1
463,N,DISAGREEMENT,SUBJECTIVE,86,NONIRONIC,0.193448127,0.243483192,0.034061229,0.167495389,0.092578587,0
464,NEU,DISAGREEMENT,SUBJECTIVE,86,NONIRONIC,0.190908832,0.203834346,0.064138256,0.192361388,0.146690383,0
465,NEU,DISAGREEMENT,SUBJECTIVE,86,NONIRONIC,0.127570701,0.231166825,0.021534544,0.251230784,0.197577614,0
466,N,DISAGREEMENT,SUBJECTIVE,86,NONIRONIC,0.172515951,0.235730031,0.067118444,0.170227537,0.081862597,0
467,NEU,DISAGREEMENT,SUBJECTIVE,86,NONIRONIC,0.208957047,0.150635479,0.059318516,0.20458249,0.107617008,0
468,NEU,DISAGREEMENT,OBJECTIVE,86,NONIRONIC,0.193347742,0.260298277,0.178189969,0.091812558,0.125706895,1
469,NEU,DISAGREEMENT,SUBJECTIVE,91,NONIRONIC,0.2211931,0.129820806,0.067352669,0.22219604,0.161904146,0
470,P,DISAGREEMENT,SUBJECTIVE,86,NONIRONIC,0.259409351,0.177241781,0.035808153,0.093451253,0.065437811,1
471,P,DISAGREEMENT,OBJECTIVE,92,NONIRONIC,0.194219133,0.213999483,0.025831911,0.165200664,0.147499833,0
472,N,DISAGREEMENT,SUBJECTIVE,81,NONIRONIC,0.193329436,0.239016566,0.05507959,0.192351033,0.157985285,1
473,N,DISAGREEMENT,SUBJECTIVE,86,NONIRONIC,0.204567129,0.212922118,0.022886759,0.137218973,0.078004232,0
474,P,DISAGREEMENT,SUBJECTIVE,73,IRONIC,0.268371444,0.135040475,0,0.173203718,0.087988251,1
475,P,DISAGREEMENT,SUBJECTIVE,86,NONIRONIC,0.109017267,0.274356127,0.059126388,0.181910073,0.196899625,0
476,P,AGREEMENT,SUBJECTIVE,100,NONIRONIC,0.295867066,0.093221475,0.021093566,0.077163058,0.043618257,1
477,NEU,DISAGREEMENT,SUBJECTIVE,82,IRONIC,0.119455237,0.383063391,0.043673107,0.120371135,0.074581101,0
478,N,DISAGREEMENT,SUBJECTIVE,86,NONIRONIC,0.0863056,0.315090403,0.06883701,0.21097009,0.253269453,0
479,NEU,DISAGREEMENT,SUBJECTIVE,86,NONIRONIC,0.108032177,0.152774283,0.146464006,0.17927735,0.264448706,0
480,P,DISAGREEMENT,SUBJECTIVE,94,NONIRONIC,0.323087203,0.12906624,0.036970504,0.147281053,0.108653652,0
481,NEU,DISAGREEMENT,SUBJECTIVE,94,NONIRONIC,0.148159897,0.265497073,0.069167727,0.185811288,0.181781968,0
482,P,DISAGREEMENT,SUBJECTIVE,73,IRONIC,0.067623203,0.21583952,0.083240722,0.209402246,0.33418907,0
483,N,DISAGREEMENT,SUBJECTIVE,86,NONIRONIC,0.204370081,0.205898651,0.074209578,0.178730389,0.147543957,0
484,NEU,DISAGREEMENT,SUBJECTIVE,76,IRONIC,0.22505564,0.133021203,0.218779211,0.108491596,0.046637349,0
485,N,DISAGREEMENT,SUBJECTIVE,86,NONIRONIC,0.143256491,0.154057734,0.064597714,0.25677099,0.191959257,0
486,P,AGREEMENT,OBJECTIVE,100,NONIRONIC,0.344566499,0.113515192,0.041041989,0.114558116,0.067949443,1
487,P,DISAGREEMENT,SUBJECTIVE,86,NONIRONIC,0.175106235,0.148653495,0.05995656,0.204541543,0.08227258,0
488,N,DISAGREEMENT,SUBJECTIVE,76,IRONIC,0.144964739,0.213620947,0.049222761,0.159530715,0.13958494,0
489,N,DISAGREEMENT,SUBJECTIVE,92,NONIRONIC,0.082996359,0.236392526,0.070488359,0.260420356,0.167992568,0
490,NEU,DISAGREEMENT,SUBJECTIVE,86,NONIRONIC,0.174794512,0.067489954,0.023758934,0.175299301,0.06028079,1
491,N,AGREEMENT,OBJECTIVE,100,NONIRONIC,0.024674216,0.280441609,0.076561458,0.242346533,0.327945619,1
492,NEU,DISAGREEMENT,SUBJECTIVE,83,NONIRONIC,0.056202331,0.315113939,0.046219,0.239795226,0.259856961,1
493,NEU,DISAGREEMENT,SUBJECTIVE,86,NONIRONIC,0.159396264,0.248018439,0.040698212,0.156633375,0.129952164,0
494,N,DISAGREEMENT,SUBJECTIVE,92,NONIRONIC,0.142149306,0.331628592,0.045102384,0.176497069,0.149427975,1
495,N,DISAGREEMENT,SUBJECTIVE,94,NONIRONIC,0.123663489,0.215165235,0.066457171,0.236923373,0.207099544,1
496,P,DISAGREEMENT,SUBJECTIVE,86,NONIRONIC,0.371046373,0.090119871,0.038221676,0.157331512,0.096035166,0
497,P,DISAGREEMENT,SUBJECTIVE,86,NONIRONIC,0.203001187,0.180777665,0.056671347,0.219552551,0.148039115,1
498,N,DISAGREEMENT,SUBJECTIVE,84,NONIRONIC,0.099704174,0.071673109,0.021988764,0.258639247,0.449670119,0
499,NEU,DISAGREEMENT,SUBJECTIVE,86,NONIRONIC,0.023221998,0.498391285,0.069340158,0.170247862,0.191951693,1
500,NEU,DISAGREEMENT,SUBJECTIVE,86,NONIRONIC,0.224608258,0.19764226,0.048532251,0.158023623,0.083060272,1